Shift,Model,Scaler,train_mse,test_mse,train_rmse,test_rmse,train_r2,test_r2,train_mae,test_mae,train_mae_ratio,test_mae_ratio
4,LinearRegression,None,4.385308965933628e+16,5.0657450891185624e+16,209411293.06,225072101.54,0.44,0.41,111573806.97,114207938.61,53.27,54.72
4,LinearRegression,StandardScaler,4.23039038076982e+16,4.8045407573415544e+16,205679128.27,219192626.64,0.46,0.44,111432830.12,113928878.84,53.2,54.59
4,LinearRegression,MinMaxScaler,4.2303902258878904e+16,4.804530436425556e+16,205679124.51,219192391.21,0.46,0.44,111434560.44,113930300.19,53.2,54.59
4,RandomForestRegressor,None,820742934824136.4,6128535132158340.0,28648611.39,78284961.09,0.99,0.93,11897506.16,31459711.35,5.68,15.07
4,RandomForestRegressor,StandardScaler,820077421197386.4,6075589672703286.0,28636993.93,77946069.0,0.99,0.93,11895410.96,31445331.54,5.68,15.07
4,RandomForestRegressor,MinMaxScaler,819697863903173.5,6125437178560166.0,28630366.12,78265172.19,0.99,0.93,11895926.51,31447372.2,5.68,15.07
