Shift,Model,Scaler,train_mse,test_mse,train_rmse,test_rmse,train_r2,test_r2,train_mae,test_mae,train_mae_ratio,test_mae_ratio
1,LinearRegression,None,4.5614627319947624e+16,5.116062869903287e+16,213575811.65,226187154.14,0.44,0.42,113861396.08,116022886.92,53.61,53.94
1,LinearRegression,StandardScaler,4.428341185474847e+16,4.8082457330073416e+16,210436241.78,219277124.5,0.46,0.45,113785064.6,115847323.0,53.58,53.86
1,LinearRegression,MinMaxScaler,4.428341035197752e+16,4.808245075010895e+16,210436238.21,219277109.5,0.46,0.45,113785123.35,115847374.75,53.58,53.86
1,RandomForestRegressor,None,654131458971698.2,5229041647559962.0,25575993.8,72312112.73,0.99,0.94,11363633.23,30549311.02,5.35,14.2
1,RandomForestRegressor,StandardScaler,650533806520890.4,5208305591550180.0,25505564.23,72168591.45,0.99,0.94,11362050.95,30550991.16,5.35,14.2
1,RandomForestRegressor,MinMaxScaler,654897239906213.6,5238950723507328.0,25590960.12,72380596.32,0.99,0.94,11366011.53,30564714.04,5.35,14.21
