Shift,Model,Scaler,train_mse,test_mse,train_rmse,test_rmse,train_r2,test_r2,train_mae,test_mae,train_mae_ratio,test_mae_ratio
0,LinearRegression,None,4.894665185131727e+16,3.937581293119677e+16,221238902.21,198433396.71,0.43,0.46,115535589.48,114281180.61,53.82,54.56
0,LinearRegression,StandardScaler,4.6756918444411464e+16,3.9000291112645944e+16,216233481.32,197484913.63,0.46,0.47,115206601.49,114006270.05,53.67,54.43
0,LinearRegression,MinMaxScaler,4.675691693643018e+16,3.900036739016567e+16,216233477.83,197485106.76,0.46,0.47,115208258.94,114008037.78,53.67,54.43
0,RandomForestRegressor,None,680710846649535.1,3912119466242086.0,26090435.92,62546938.1,0.99,0.95,11292838.94,29019445.18,5.26,13.85
0,RandomForestRegressor,StandardScaler,680477571674964.8,3923930678947741.0,26085965.03,62641285.74,0.99,0.95,11292730.95,29016936.0,5.26,13.85
0,RandomForestRegressor,MinMaxScaler,679791890464823.9,3940530333699805.0,26072819.0,62773643.62,0.99,0.95,11291422.82,29053142.23,5.26,13.87
