Shift,Model,Scaler,train_mse,test_mse,train_rmse,test_rmse,train_r2,test_r2,train_mae,test_mae,train_mae_ratio,test_mae_ratio
3,LinearRegression,None,4.506265616372923e+16,4.967637445850049e+16,212279664.98,222881974.28,0.44,0.42,112306425.85,113486923.2,53.28,53.56
3,LinearRegression,StandardScaler,4.348441270819262e+16,4.682330300177595e+16,208529165.13,216386928.91,0.46,0.45,112498286.25,113562153.45,53.38,53.6
3,LinearRegression,MinMaxScaler,4.3484413200873736e+16,4.6823326237518664e+16,208529166.31,216386982.6,0.46,0.45,112497292.17,113561162.93,53.37,53.6
3,RandomForestRegressor,None,696705833348933.6,5458950001914771.0,26395185.8,73884707.5,0.99,0.94,11421346.5,31829629.96,5.42,15.02
3,RandomForestRegressor,StandardScaler,696891574943822.9,5449624040710011.0,26398704.04,73821568.94,0.99,0.94,11424338.28,31829603.59,5.42,15.02
3,RandomForestRegressor,MinMaxScaler,696902644867744.6,5471243276353664.0,26398913.71,73967852.99,0.99,0.94,11423207.28,31849248.53,5.42,15.03
