Shift,Model,Scaler,train_mse,test_mse,train_rmse,test_rmse,train_r2,test_r2,train_mae,test_mae,train_mae_ratio,test_mae_ratio
2,LinearRegression,None,4.726719676828874e+16,4.6091074559614744e+16,217410203.92,214688319.57,0.43,0.44,114708267.36,114405085.26,54.06,53.74
2,LinearRegression,StandardScaler,4.4284663716886024e+16,4.7032288789869304e+16,210439216.2,216869289.64,0.47,0.43,113393246.28,114446898.39,53.44,53.76
2,LinearRegression,MinMaxScaler,4.428466239563687e+16,4.703227525272587e+16,210439213.07,216869258.43,0.47,0.43,113393860.56,114447520.79,53.44,53.76
2,RandomForestRegressor,None,674518765023128.9,4702229122973504.0,25971499.09,68572801.63,0.99,0.94,11414672.54,30227100.93,5.38,14.2
2,RandomForestRegressor,StandardScaler,675627895557844.0,4694311016433731.0,25992843.16,68515042.26,0.99,0.94,11413484.44,30249791.15,5.38,14.21
2,RandomForestRegressor,MinMaxScaler,674247126682085.5,4709563226831936.0,25966269.02,68626257.56,0.99,0.94,11415308.71,30224892.47,5.38,14.2
